"";"Fecha";"Altas_ nuevas";"Casos_nvos";"Altas_acumuladas";"Fallecidos_nvos";"Casos_acumulados";"Fallecidos_acumulados";"Periodo";"Mes"
"1";2020-04-06;0;0;0;0;0;0;"2020";"Abril"
"2";2020-04-07;0;0;0;0;0;0;"2020";"Abril"
"3";2020-04-08;0;0;0;0;0;0;"2020";"Abril"
"4";2020-04-09;0;0;0;0;0;0;"2020";"Abril"
"5";2020-04-10;0;0;0;0;0;0;"2020";"Abril"
"6";2020-04-11;0;0;0;0;0;0;"2020";"Abril"
"7";2020-04-12;0;0;0;0;0;0;"2020";"Abril"
"8";2020-04-13;0;0;0;0;0;0;"2020";"Abril"
"9";2020-04-14;0;0;0;0;0;0;"2020";"Abril"
"10";2020-04-15;0;0;0;0;0;0;"2020";"Abril"
"11";2020-04-16;0;0;0;0;0;0;"2020";"Abril"
"12";2020-04-17;0;0;0;0;0;0;"2020";"Abril"
"13";2020-04-18;0;0;0;0;0;0;"2020";"Abril"
"14";2020-04-19;0;0;0;0;0;0;"2020";"Abril"
"15";2020-04-20;0;0;0;0;0;0;"2020";"Abril"
"16";2020-04-21;0;0;0;0;0;0;"2020";"Abril"
"17";2020-04-22;0;0;0;0;0;0;"2020";"Abril"
"18";2020-04-23;0;0;0;0;0;0;"2020";"Abril"
"19";2020-04-24;0;0;0;0;0;0;"2020";"Abril"
"20";2020-04-25;0;0;0;0;0;0;"2020";"Abril"
"21";2020-04-26;0;0;0;0;0;0;"2020";"Abril"
"22";2020-04-27;0;0;0;0;0;0;"2020";"Abril"
"23";2020-04-28;0;0;0;0;0;0;"2020";"Abril"
"24";2020-04-29;0;0;0;0;0;0;"2020";"Abril"
"25";2020-04-30;0;0;0;0;0;0;"2020";"Abril"
"26";2020-05-01;0;0;0;0;0;0;"2020";"Mayo"
"27";2020-05-02;0;0;0;0;0;0;"2020";"Mayo"
"28";2020-05-03;0;0;0;0;0;0;"2020";"Mayo"
"29";2020-05-04;0;0;0;0;0;0;"2020";"Mayo"
"30";2020-05-05;0;0;0;0;0;0;"2020";"Mayo"
"31";2020-05-06;0;0;0;0;0;0;"2020";"Mayo"
"32";2020-05-07;0;0;0;0;0;0;"2020";"Mayo"
"33";2020-05-08;0;0;0;0;0;0;"2020";"Mayo"
"34";2020-05-09;0;0;0;0;0;0;"2020";"Mayo"
"35";2020-05-10;0;0;0;0;0;0;"2020";"Mayo"
"36";2020-05-11;0;0;0;0;0;0;"2020";"Mayo"
"37";2020-05-12;0;0;0;0;0;0;"2020";"Mayo"
"38";2020-05-13;0;0;0;0;0;0;"2020";"Mayo"
"39";2020-05-14;0;0;0;0;0;0;"2020";"Mayo"
"40";2020-05-15;0;0;0;0;0;0;"2020";"Mayo"
"41";2020-05-16;0;0;0;0;0;0;"2020";"Mayo"
"42";2020-05-17;0;0;0;0;0;0;"2020";"Mayo"
"43";2020-05-18;0;0;0;0;0;0;"2020";"Mayo"
"44";2020-05-19;0;0;0;0;0;0;"2020";"Mayo"
"45";2020-05-20;0;0;0;0;0;0;"2020";"Mayo"
"46";2020-05-21;0;0;0;0;0;0;"2020";"Mayo"
"47";2020-05-22;0;0;0;0;0;0;"2020";"Mayo"
"48";2020-05-23;0;0;0;0;0;0;"2020";"Mayo"
"49";2020-05-24;0;0;0;0;0;0;"2020";"Mayo"
"50";2020-05-25;0;0;0;0;0;0;"2020";"Mayo"
"51";2020-05-26;0;0;0;0;0;0;"2020";"Mayo"
"52";2020-05-27;0;0;0;0;0;0;"2020";"Mayo"
"53";2020-05-28;0;0;0;0;0;0;"2020";"Mayo"
"54";2020-05-29;0;0;0;0;0;0;"2020";"Mayo"
"55";2020-05-30;0;0;0;0;0;0;"2020";"Mayo"
"56";2020-05-31;0;0;0;0;0;0;"2020";"Mayo"
"57";2020-06-01;0;0;0;0;0;0;"2020";"Junio"
"58";2020-06-02;0;0;0;0;0;0;"2020";"Junio"
"59";2020-06-03;0;0;0;0;0;0;"2020";"Junio"
"60";2020-06-04;0;0;0;0;0;0;"2020";"Junio"
"61";2020-06-05;0;0;0;0;0;0;"2020";"Junio"
"62";2020-06-06;0;0;0;0;0;0;"2020";"Junio"
"63";2020-06-07;0;0;0;0;0;0;"2020";"Junio"
"64";2020-06-08;0;0;0;0;0;0;"2020";"Junio"
"65";2020-06-09;0;0;0;0;0;0;"2020";"Junio"
"66";2020-06-10;0;0;0;0;0;0;"2020";"Junio"
"67";2020-06-11;0;0;0;0;0;0;"2020";"Junio"
"68";2020-06-12;0;0;0;0;0;0;"2020";"Junio"
"69";2020-06-13;0;0;0;0;0;0;"2020";"Junio"
"70";2020-06-14;0;0;0;0;0;0;"2020";"Junio"
"71";2020-06-15;0;0;0;0;0;0;"2020";"Junio"
"72";2020-06-16;0;0;0;0;0;0;"2020";"Junio"
"73";2020-06-17;0;0;0;0;0;0;"2020";"Junio"
"74";2020-06-18;0;0;0;0;0;0;"2020";"Junio"
"75";2020-06-19;0;0;0;0;0;0;"2020";"Junio"
"76";2020-06-20;0;0;0;0;0;0;"2020";"Junio"
"77";2020-06-21;0;0;0;0;0;0;"2020";"Junio"
"78";2020-06-22;0;0;0;0;0;0;"2020";"Junio"
"79";2020-06-23;0;0;0;0;0;0;"2020";"Junio"
"80";2020-06-24;0;1;0;0;1;0;"2020";"Junio"
"81";2020-06-25;0;0;0;0;1;0;"2020";"Junio"
"82";2020-06-26;0;1;0;0;2;0;"2020";"Junio"
"83";2020-06-27;0;0;0;0;2;0;"2020";"Junio"
"84";2020-06-28;0;0;0;0;2;0;"2020";"Junio"
"85";2020-06-29;0;4;0;0;6;0;"2020";"Junio"
"86";2020-06-30;0;0;0;0;6;0;"2020";"Junio"
"87";2020-07-01;0;0;0;0;6;0;"2020";"Julio"
"88";2020-07-02;0;0;0;0;6;0;"2020";"Julio"
"89";2020-07-03;0;0;0;0;6;0;"2020";"Julio"
"90";2020-07-04;0;0;0;0;6;0;"2020";"Julio"
"91";2020-07-05;0;0;0;0;6;0;"2020";"Julio"
"92";2020-07-06;0;0;0;0;6;0;"2020";"Julio"
"93";2020-07-07;0;0;0;0;6;0;"2020";"Julio"
"94";2020-07-08;0;0;0;0;6;0;"2020";"Julio"
"95";2020-07-09;0;0;0;0;6;0;"2020";"Julio"
"96";2020-07-10;0;0;0;0;6;0;"2020";"Julio"
"97";2020-07-11;1;0;1;0;6;0;"2020";"Julio"
"98";2020-07-12;1;0;2;0;6;0;"2020";"Julio"
"99";2020-07-13;0;0;2;0;6;0;"2020";"Julio"
"100";2020-07-14;0;0;2;0;6;0;"2020";"Julio"
"101";2020-07-15;0;0;2;0;6;0;"2020";"Julio"
"102";2020-07-16;0;1;2;0;7;0;"2020";"Julio"
"103";2020-07-17;0;0;2;0;7;0;"2020";"Julio"
"104";2020-07-18;0;0;2;0;7;0;"2020";"Julio"
"105";2020-07-19;0;0;2;0;7;0;"2020";"Julio"
"106";2020-07-20;0;0;2;0;7;0;"2020";"Julio"
"107";2020-07-21;0;1;2;0;8;0;"2020";"Julio"
"108";2020-07-22;0;0;2;0;8;0;"2020";"Julio"
"109";2020-07-23;0;1;2;0;9;0;"2020";"Julio"
"110";2020-07-24;0;3;2;0;12;0;"2020";"Julio"
"111";2020-07-25;3;5;5;0;17;0;"2020";"Julio"
"112";2020-07-26;0;1;5;0;18;0;"2020";"Julio"
"113";2020-07-27;0;0;5;0;18;0;"2020";"Julio"
"114";2020-07-28;0;0;5;0;18;0;"2020";"Julio"
"115";2020-07-29;3;5;8;0;23;0;"2020";"Julio"
"116";2020-07-30;0;0;8;0;23;0;"2020";"Julio"
"117";2020-07-31;0;1;8;0;24;0;"2020";"Julio"
"118";2020-08-01;0;4;8;0;28;0;"2020";"Agosto"
"119";2020-08-02;0;8;8;0;36;0;"2020";"Agosto"
"120";2020-08-03;1;12;9;0;48;0;"2020";"Agosto"
"121";2020-08-04;0;4;9;0;52;0;"2020";"Agosto"
"122";2020-08-05;4;6;13;1;58;1;"2020";"Agosto"
"123";2020-08-06;0;26;13;2;84;3;"2020";"Agosto"
"124";2020-08-07;0;53;13;0;131;3;"2020";"Agosto"
"125";2020-08-08;0;6;13;0;137;3;"2020";"Agosto"
"126";2020-08-09;2;19;15;0;156;3;"2020";"Agosto"
"127";2020-08-10;0;16;15;1;172;4;"2020";"Agosto"
"128";2020-08-11;3;47;18;0;219;4;"2020";"Agosto"
"129";2020-08-12;0;50;18;0;269;4;"2020";"Agosto"
"130";2020-08-13;0;61;18;0;330;4;"2020";"Agosto"
"131";2020-08-14;6;8;24;1;338;5;"2020";"Agosto"
"132";2020-08-15;6;28;30;1;366;6;"2020";"Agosto"
"133";2020-08-16;17;52;47;6;423;12;"2020";"Agosto"
"134";2020-08-17;0;10;47;4;433;16;"2020";"Agosto"
"135";2020-08-18;10;18;57;3;451;19;"2020";"Agosto"
"136";2020-08-19;0;8;57;0;459;19;"2020";"Agosto"
"137";2020-08-20;3;27;60;4;486;23;"2020";"Agosto"
"138";2020-08-21;0;7;60;0;493;23;"2020";"Agosto"
"139";2020-08-22;30;32;90;1;525;24;"2020";"Agosto"
"140";2020-08-23;25;29;115;3;554;27;"2020";"Agosto"
"141";2020-08-24;24;19;139;1;573;28;"2020";"Agosto"
"142";2020-08-25;22;0;161;1;573;29;"2020";"Agosto"
"143";2020-08-26;10;32;171;1;605;30;"2020";"Agosto"
"144";2020-08-27;29;25;200;1;630;31;"2020";"Agosto"
"145";2020-08-28;13;3;213;0;633;31;"2020";"Agosto"
"146";2020-08-29;16;20;229;1;653;32;"2020";"Agosto"
"147";2020-08-30;5;2;234;0;655;32;"2020";"Agosto"
"148";2020-08-31;10;4;244;0;659;32;"2020";"Agosto"
"149";2020-09-01;0;11;244;0;670;32;"2020";"Septiembre"
"150";2020-09-02;18;4;262;1;674;33;"2020";"Septiembre"
"151";2020-09-03;15;11;277;0;685;33;"2020";"Septiembre"
"152";2020-09-04;10;9;287;0;694;33;"2020";"Septiembre"
"153";2020-09-05;0;2;287;0;696;33;"2020";"Septiembre"
"154";2020-09-06;8;9;295;2;705;35;"2020";"Septiembre"
"155";2020-09-07;16;6;311;0;711;35;"2020";"Septiembre"
"156";2020-09-08;19;0;330;1;711;36;"2020";"Septiembre"
"157";2020-09-09;5;0;335;0;717;36;"2020";"Septiembre"
"158";2020-09-10;8;3;343;0;720;36;"2020";"Septiembre"
"159";2020-09-11;11;8;354;0;728;36;"2020";"Septiembre"
"160";2020-09-12;6;2;360;1;730;37;"2020";"Septiembre"
"161";2020-09-13;5;2;365;0;732;37;"2020";"Septiembre"
"162";2020-09-14;9;9;374;0;741;37;"2020";"Septiembre"
"163";2020-09-15;6;5;380;0;746;37;"2020";"Septiembre"
"164";2020-09-16;4;11;384;1;757;38;"2020";"Septiembre"
"165";2020-09-17;6;8;390;0;765;38;"2020";"Septiembre"
"166";2020-09-18;6;13;396;0;778;38;"2020";"Septiembre"
"167";2020-09-19;6;12;402;0;790;38;"2020";"Septiembre"
"168";2020-09-20;5;9;407;1;799;39;"2020";"Septiembre"
"169";2020-09-21;6;1;413;0;800;39;"2020";"Septiembre"
"170";2020-09-22;6;6;419;0;806;39;"2020";"Septiembre"
"171";2020-09-23;4;11;423;0;817;39;"2020";"Septiembre"
"172";2020-09-24;5;6;428;1;823;40;"2020";"Septiembre"
"173";2020-09-25;3;5;431;0;828;40;"2020";"Septiembre"
"174";2020-09-26;6;17;437;0;845;40;"2020";"Septiembre"
"175";2020-09-27;5;3;442;1;848;41;"2020";"Septiembre"
"176";2020-09-28;5;1;447;2;849;43;"2020";"Septiembre"
"177";2020-09-29;5;0;452;0;849;43;"2020";"Septiembre"
"178";2020-09-30;5;5;457;0;854;43;"2020";"Septiembre"
"179";2020-10-01;7;7;464;1;861;44;"2020";"Octubre"
"180";2020-10-02;7;6;471;1;867;45;"2020";"Octubre"
"181";2020-10-03;4;1;475;0;868;45;"2020";"Octubre"
"182";2020-10-04;4;1;479;1;869;46;"2020";"Octubre"
"183";2020-10-05;5;3;484;0;872;46;"2020";"Octubre"
"184";2020-10-06;4;1;488;1;873;47;"2020";"Octubre"
"185";2020-10-07;3;4;491;0;877;47;"2020";"Octubre"
"186";2020-10-08;15;9;506;0;886;47;"2020";"Octubre"
"187";2020-10-09;14;0;520;0;886;47;"2020";"Octubre"
"188";2020-10-10;22;1;542;0;893;47;"2020";"Octubre"
"189";2020-10-11;17;0;559;2;893;49;"2020";"Octubre"
"190";2020-10-12;17;0;576;0;893;49;"2020";"Octubre"
"191";2020-10-13;23;1;599;0;894;49;"2020";"Octubre"
"192";2020-10-14;13;1;612;0;895;49;"2020";"Octubre"
"193";2020-10-15;16;3;628;1;898;50;"2020";"Octubre"
"194";2020-10-16;17;0;645;0;898;50;"2020";"Octubre"
"195";2020-10-17;23;1;668;0;899;50;"2020";"Octubre"
"196";2020-10-18;17;2;685;1;901;51;"2020";"Octubre"
"197";2020-10-19;16;2;701;0;903;51;"2020";"Octubre"
"198";2020-10-20;14;1;715;1;904;52;"2020";"Octubre"
"199";2020-10-21;22;10;737;0;914;52;"2020";"Octubre"
"200";2020-10-22;15;3;752;0;917;52;"2020";"Octubre"
"201";2020-10-23;12;9;764;0;926;52;"2020";"Octubre"
"202";2020-10-24;16;3;780;0;929;52;"2020";"Octubre"
"203";2020-10-25;10;4;790;0;933;52;"2020";"Octubre"
"204";2020-10-26;11;2;801;0;935;52;"2020";"Octubre"
"205";2020-10-27;9;2;810;0;937;52;"2020";"Octubre"
"206";2020-10-28;10;7;820;0;944;52;"2020";"Octubre"
"207";2020-10-29;9;0;829;0;944;52;"2020";"Octubre"
"208";2020-10-30;4;1;833;0;945;52;"2020";"Octubre"
"209";2020-10-31;5;0;838;0;945;52;"2020";"Octubre"
"210";2020-11-01;4;0;842;0;945;52;"2020";"Noviembre"
"211";2020-11-02;5;0;847;0;945;52;"2020";"Noviembre"
"212";2020-11-03;3;0;850;0;945;52;"2020";"Noviembre"
"213";2020-11-04;5;3;855;0;948;52;"2020";"Noviembre"
"214";2020-11-05;5;4;860;0;952;52;"2020";"Noviembre"
"215";2020-11-06;4;2;864;0;954;52;"2020";"Noviembre"
"216";2020-11-07;3;4;867;0;957;52;"2020";"Noviembre"
"217";2020-11-08;4;0;871;0;957;52;"2020";"Noviembre"
"218";2020-11-09;0;0;871;0;957;52;"2020";"Noviembre"
"219";2020-11-10;3;0;874;0;957;52;"2020";"Noviembre"
"220";2020-11-11;3;2;877;0;959;52;"2020";"Noviembre"
"221";2020-11-12;4;3;881;0;962;52;"2020";"Noviembre"
"222";2020-11-13;2;0;883;0;962;52;"2020";"Noviembre"
"223";2020-11-14;3;0;886;0;962;52;"2020";"Noviembre"
"224";2020-11-15;2;0;888;0;962;52;"2020";"Noviembre"
"225";2020-11-16;2;0;890;0;962;52;"2020";"Noviembre"
"226";2020-11-17;3;1;893;0;966;52;"2020";"Noviembre"
"227";2020-11-18;2;2;895;0;968;52;"2020";"Noviembre"
"228";2020-11-19;2;2;897;0;970;52;"2020";"Noviembre"
"229";2020-11-20;2;1;899;1;971;53;"2020";"Noviembre"
"230";2020-11-21;3;9;902;0;980;53;"2020";"Noviembre"
"231";2020-11-22;2;0;904;0;980;53;"2020";"Noviembre"
"232";2020-11-23;2;0;906;1;980;54;"2020";"Noviembre"
"233";2020-11-24;2;0;908;1;986;55;"2020";"Noviembre"
"234";2020-11-25;2;0;910;1;986;56;"2020";"Noviembre"
"235";2020-11-26;2;1;912;0;987;56;"2020";"Noviembre"
"236";2020-11-27;1;0;913;0;987;56;"2020";"Noviembre"
"237";2020-11-28;1;1;914;0;988;56;"2020";"Noviembre"
"238";2020-11-29;0;3;914;0;991;56;"2020";"Noviembre"
"239";2020-11-30;2;0;916;0;991;56;"2020";"Noviembre"
"240";2020-12-01;1;0;917;0;991;56;"2020";"Diciembre"
"241";2020-12-02;0;1;917;0;992;56;"2020";"Diciembre"
"242";2020-12-03;2;7;919;0;999;56;"2020";"Diciembre"
"243";2020-12-04;2;1;921;0;1000;56;"2020";"Diciembre"
"244";2020-12-05;1;0;922;0;1000;56;"2020";"Diciembre"
"245";2020-12-06;1;0;923;0;1000;56;"2020";"Diciembre"
"246";2020-12-07;1;0;924;0;1000;56;"2020";"Diciembre"
"247";2020-12-08;1;0;925;0;1000;56;"2020";"Diciembre"
"248";2020-12-09;1;0;926;0;1000;56;"2020";"Diciembre"
"249";2020-12-10;1;0;927;0;1000;56;"2020";"Diciembre"
"250";2020-12-11;0;0;927;0;1000;56;"2020";"Diciembre"
"251";2020-12-12;0;0;927;0;1000;56;"2020";"Diciembre"
"252";2020-12-13;0;0;927;0;1000;56;"2020";"Diciembre"
"253";2020-12-14;0;0;927;0;1000;56;"2020";"Diciembre"
"254";2020-12-15;2;0;929;0;1000;56;"2020";"Diciembre"
"255";2020-12-16;0;0;929;0;1000;56;"2020";"Diciembre"
"256";2020-12-17;0;0;929;0;1000;56;"2020";"Diciembre"
"257";2020-12-18;1;3;930;0;1003;56;"2020";"Diciembre"
"258";2020-12-19;1;0;931;0;1004;56;"2020";"Diciembre"
"259";2020-12-20;0;1;931;0;1004;56;"2020";"Diciembre"
"260";2020-12-21;0;0;931;0;1004;56;"2020";"Diciembre"
"261";2020-12-22;0;0;931;0;1004;56;"2020";"Diciembre"
"262";2020-12-23;1;0;932;0;1004;56;"2020";"Diciembre"
"263";2020-12-24;0;0;932;0;1004;56;"2020";"Diciembre"
"264";2020-12-25;1;5;933;0;1010;56;"2020";"Diciembre"
"265";2020-12-26;1;2;934;0;1012;56;"2020";"Diciembre"
"266";2020-12-27;0;0;934;0;1012;56;"2020";"Diciembre"
"267";2020-12-28;1;0;935;0;1012;56;"2020";"Diciembre"
"268";2020-12-29;0;0;935;0;1012;56;"2020";"Diciembre"
"269";2020-12-30;1;2;936;0;1017;56;"2020";"Diciembre"
"270";2020-12-31;0;0;936;0;1017;56;"2020";"Diciembre"
"271";2021-01-01;0;0;936;0;1017;56;"2021";"Enero"
"272";2021-01-02;1;0;937;0;1017;56;"2021";"Enero"
"273";2021-01-03;2;0;939;0;1017;56;"2021";"Enero"
"274";2021-01-04;2;0;941;0;1017;56;"2021";"Enero"
"275";2021-01-05;1;0;942;1;1017;57;"2021";"Enero"
"276";2021-01-06;0;2;942;0;1019;57;"2021";"Enero"
"277";2021-01-07;0;2;942;0;1021;57;"2021";"Enero"
"278";2021-01-08;0;1;942;0;1022;57;"2021";"Enero"
"279";2021-01-09;0;1;942;0;1023;57;"2021";"Enero"
"280";2021-01-10;0;0;942;0;1023;57;"2021";"Enero"
"281";2021-01-11;1;0;943;0;1024;57;"2021";"Enero"
"282";2021-01-12;1;0;944;0;1024;57;"2021";"Enero"
"283";2021-01-13;0;1;944;0;1025;57;"2021";"Enero"
"284";2021-01-14;0;1;944;0;1026;57;"2021";"Enero"
"285";2021-01-15;0;3;944;0;1029;57;"2021";"Enero"
"286";2021-01-16;1;0;945;0;1029;57;"2021";"Enero"
"287";2021-01-17;0;3;945;0;1032;57;"2021";"Enero"
"288";2021-01-18;2;1;947;1;1033;58;"2021";"Enero"
"289";2021-01-19;1;0;948;0;1033;58;"2021";"Enero"
"290";2021-01-20;1;2;949;0;1035;58;"2021";"Enero"
"291";2021-01-21;1;0;950;0;1035;58;"2021";"Enero"
"292";2021-01-22;0;0;950;0;1035;58;"2021";"Enero"
"293";2021-01-23;0;2;950;0;1039;58;"2021";"Enero"
"294";2021-01-24;2;3;952;0;1042;58;"2021";"Enero"
"295";2021-01-25;2;3;954;0;1045;58;"2021";"Enero"
"296";2021-01-26;0;1;954;0;1046;58;"2021";"Enero"
"297";2021-01-27;0;5;954;0;1051;58;"2021";"Enero"
"298";2021-01-28;2;0;956;0;1051;58;"2021";"Enero"
"299";2021-01-29;1;0;957;0;1051;58;"2021";"Enero"
"300";2021-01-30;0;2;957;0;1053;58;"2021";"Enero"
"301";2021-01-31;1;3;958;0;1056;58;"2021";"Enero"
"302";2021-02-01;3;0;961;0;1056;58;"2021";"Febrero"
"303";2021-02-02;3;1;964;0;1057;58;"2021";"Febrero"
"304";2021-02-03;4;5;968;0;1062;58;"2021";"Febrero"
"305";2021-02-04;3;0;971;0;1062;58;"2021";"Febrero"
"306";2021-02-05;2;2;973;1;1064;59;"2021";"Febrero"
"307";2021-02-06;3;6;976;0;1070;59;"2021";"Febrero"
"308";2021-02-07;2;0;978;0;1070;59;"2021";"Febrero"
"309";2021-02-08;4;0;982;0;1073;59;"2021";"Febrero"
"310";2021-02-09;5;1;987;0;1074;59;"2021";"Febrero"
"311";2021-02-10;5;4;992;0;1078;59;"2021";"Febrero"
"312";2021-02-11;4;1;996;0;1079;59;"2021";"Febrero"
"313";2021-02-12;4;0;1000;0;1079;59;"2021";"Febrero"
"314";2021-02-13;3;0;1003;0;1081;60;"2021";"Febrero"
"315";2021-02-14;3;0;1006;0;1081;60;"2021";"Febrero"
"316";2021-02-15;2;0;1008;0;1081;60;"2021";"Febrero"
"317";2021-02-16;2;1;1010;0;1082;60;"2021";"Febrero"
"318";2021-02-17;2;0;1012;0;1082;60;"2021";"Febrero"
"319";2021-02-18;1;0;1013;0;1082;60;"2021";"Febrero"
"320";2021-02-19;0;1;1013;0;1083;60;"2021";"Febrero"
"321";2021-02-20;1;4;1014;0;1087;60;"2021";"Febrero"
"322";2021-02-21;0;0;1014;0;1087;60;"2021";"Febrero"
"323";2021-02-22;2;3;1016;0;1091;60;"2021";"Febrero"
"324";2021-02-23;0;2;1016;0;1093;60;"2021";"Febrero"
"325";2021-02-24;2;0;1018;0;1093;60;"2021";"Febrero"
"326";2021-02-25;2;3;1020;1;1096;61;"2021";"Febrero"
"327";2021-02-26;2;1;1022;1;1097;62;"2021";"Febrero"
"328";2021-02-27;2;7;1024;1;1103;63;"2021";"Febrero"
"329";2021-02-28;1;1;1025;0;1104;63;"2021";"Febrero"
"330";2021-03-01;1;0;1026;0;1104;63;"2021";NA
"331";2021-03-02;2;3;1028;0;1109;63;"2021";NA
"332";2021-03-03;1;2;1029;0;1111;63;"2021";NA
"333";2021-03-04;1;3;1030;0;1114;63;"2021";NA
"334";2021-03-05;0;2;1030;0;1116;63;"2021";NA
"335";2021-03-06;2;0;1032;0;1116;63;"2021";NA
"336";2021-03-07;2;0;1034;0;1116;63;"2021";NA
"337";2021-03-08;1;0;1035;0;1116;63;"2021";NA
"338";2021-03-09;1;3;1036;0;1119;63;"2021";NA
"339";2021-03-10;1;4;1037;0;1123;63;"2021";NA
"340";2021-03-11;1;0;1038;0;1123;63;"2021";NA
"341";2021-03-12;1;0;1039;0;1123;63;"2021";NA
"342";2021-03-13;0;0;1039;0;1123;63;"2021";NA
"343";2021-03-14;0;0;1039;0;1123;63;"2021";NA
"344";2021-03-15;1;1;1040;0;1132;63;"2021";NA
"345";2021-03-16;4;3;1044;0;1135;63;"2021";NA
"346";2021-03-17;0;0;1044;0;1135;63;"2021";NA
"347";2021-03-18;2;3;1046;0;1138;63;"2021";NA
"348";2021-03-19;4;13;1050;0;1151;63;"2021";NA
"349";2021-03-20;2;3;1052;0;1154;63;"2021";NA
"350";2021-03-21;0;0;1052;0;1154;63;"2021";NA
"351";2021-03-22;2;2;1054;0;1156;63;"2021";NA
"352";2021-03-23;2;1;1056;0;1157;63;"2021";NA
"353";2021-03-24;2;1;1058;0;1158;63;"2021";NA
"354";2021-03-25;2;0;1060;0;1158;63;"2021";NA
"355";2021-03-26;1;0;1061;1;1158;64;"2021";NA
"356";2021-03-27;3;8;1064;0;1166;64;"2021";NA
"357";2021-03-28;0;0;1064;0;1166;64;"2021";NA
"358";2021-03-29;2;1;1066;0;1167;64;"2021";NA
"359";2021-03-30;1;1;1067;0;1168;64;"2021";NA
"360";2021-03-31;3;1;1070;0;1169;64;"2021";NA
"361";2021-04-01;2;0;1072;0;1169;64;"2021";"Abril"
"362";2021-04-02;3;2;1075;0;1172;64;"2021";"Abril"
"363";2021-04-03;3;1;1078;0;1173;64;"2021";"Abril"
"364";2021-04-04;0;0;1078;0;1173;64;"2021";"Abril"
"365";2021-04-05;3;1;1081;0;1174;64;"2021";"Abril"
"366";2021-04-06;3;2;1084;1;1176;65;"2021";"Abril"
"367";2021-04-07;2;4;1086;0;1180;65;"2021";"Abril"
"368";2021-04-08;2;3;1088;1;1183;66;"2021";"Abril"
"369";2021-04-09;3;1;1091;0;1184;66;"2021";"Abril"
"370";2021-04-10;2;4;1093;0;1188;66;"2021";"Abril"
"371";2021-04-11;0;0;1093;0;1188;66;"2021";"Abril"
"372";2021-04-12;3;1;1096;0;1189;66;"2021";"Abril"
"373";2021-04-13;2;2;1098;0;1191;66;"2021";"Abril"
"374";2021-04-14;3;3;1101;1;1194;67;"2021";"Abril"
"375";2021-04-15;3;9;1104;0;1203;67;"2021";"Abril"
"376";2021-04-16;3;5;1107;0;1208;67;"2021";"Abril"
"377";2021-04-17;2;4;1109;0;1212;67;"2021";"Abril"
"378";2021-04-18;0;0;1109;0;1212;67;"2021";"Abril"
"379";2021-04-19;2;5;1111;0;1217;67;"2021";"Abril"
"380";2021-04-20;2;0;1113;0;1217;67;"2021";"Abril"
"381";2021-04-21;2;0;1115;0;1217;67;"2021";"Abril"
"382";2021-04-22;3;9;1118;0;1226;67;"2021";"Abril"
"383";2021-04-23;5;4;1123;0;1230;67;"2021";"Abril"
"384";2021-04-24;5;2;1128;0;1232;67;"2021";"Abril"
"385";2021-04-25;0;0;1128;0;1232;67;"2021";"Abril"
"386";2021-04-26;5;4;1133;0;1236;67;"2021";"Abril"
"387";2021-04-27;3;5;1136;0;1241;67;"2021";"Abril"
"388";2021-04-28;4;3;1140;0;1244;67;"2021";"Abril"
"389";2021-04-29;5;13;1145;0;1257;67;"2021";"Abril"
"390";2021-04-30;3;6;1148;0;1263;67;"2021";"Abril"
"391";2021-05-01;5;13;1153;0;1276;67;"2021";"Mayo"
"392";2021-05-02;0;0;1153;0;1276;67;"2021";"Mayo"
"393";2021-05-03;5;0;1158;0;1276;67;"2021";"Mayo"
"394";2021-05-04;3;5;1161;0;1281;67;"2021";"Mayo"
"395";2021-05-05;5;6;1166;0;1287;67;"2021";"Mayo"
"396";2021-05-06;6;9;1172;0;1296;67;"2021";"Mayo"
"397";2021-05-07;8;0;1180;0;1296;67;"2021";"Mayo"
"398";2021-05-08;5;13;1185;1;1309;68;"2021";"Mayo"
"399";2021-05-09;0;0;1185;1;1309;68;"2021";"Mayo"
"400";2021-05-10;9;0;1194;0;1309;69;"2021";"Mayo"
"401";2021-05-11;7;3;1201;0;1312;69;"2021";"Mayo"
"402";2021-05-12;6;0;1207;0;1312;69;"2021";"Mayo"
"403";2021-05-13;5;3;1212;0;1315;69;"2021";"Mayo"
"404";2021-05-14;9;12;1221;0;1327;69;"2021";"Mayo"
"405";2021-05-15;6;4;1227;0;1331;69;"2021";"Mayo"
"406";2021-05-16;0;0;1227;0;1331;69;"2021";"Mayo"
"407";2021-05-17;9;10;1236;0;1341;69;"2021";"Mayo"
"408";2021-05-18;6;7;1242;0;1348;69;"2021";"Mayo"
"409";2021-05-19;5;6;1247;0;1354;69;"2021";"Mayo"
"410";2021-05-20;4;0;1251;0;1354;69;"2021";"Mayo"
"411";2021-05-21;3;5;1254;0;1359;69;"2021";"Mayo"
"412";2021-05-22;5;10;1259;0;1369;69;"2021";"Mayo"
"413";2021-05-23;0;0;1259;0;1369;69;"2021";"Mayo"
"414";2021-05-24;5;23;1264;0;1392;69;"2021";"Mayo"
"415";2021-05-25;4;5;1268;0;1397;69;"2021";"Mayo"
"416";2021-05-26;3;1;1271;0;1398;69;"2021";"Mayo"
"417";2021-05-27;4;2;1275;0;1400;69;"2021";"Mayo"
"418";2021-05-28;3;11;1278;0;1411;69;"2021";"Mayo"
"419";2021-05-29;7;6;1285;0;1417;69;"2021";"Mayo"
"420";2021-05-30;2;4;1287;0;1421;69;"2021";"Mayo"
"421";2021-05-31;6;4;1293;0;1425;69;"2021";"Mayo"
"422";2021-06-01;7;0;1300;0;1425;69;"2021";"Junio"
"423";2021-06-02;5;10;1305;0;1435;69;"2021";"Junio"
"424";2021-06-03;8;23;1313;0;1458;69;"2021";"Junio"
"425";2021-06-04;5;20;1318;0;1478;69;"2021";"Junio"
"426";2021-06-05;8;5;1326;0;1483;69;"2021";"Junio"
"427";2021-06-06;7;0;1333;0;1483;69;"2021";"Junio"
"428";2021-06-07;4;8;1337;0;1506;69;"2021";"Junio"
"429";2021-06-08;8;8;1345;0;1514;69;"2021";"Junio"
"430";2021-06-09;6;3;1351;0;1517;69;"2021";"Junio"
"431";2021-06-10;9;5;1360;0;1522;69;"2021";"Junio"
"432";2021-06-11;6;0;1366;0;1522;69;"2021";"Junio"
"433";2021-06-12;5;9;1371;0;1541;69;"2021";"Junio"
"434";2021-06-13;5;8;1376;0;1549;69;"2021";"Junio"
"435";2021-06-14;8;3;1384;0;1552;69;"2021";"Junio"
"436";2021-06-15;10;14;1394;0;1566;69;"2021";"Junio"
"437";2021-06-16;0;0;1394;0;1566;69;"2021";"Junio"
"438";2021-06-17;18;0;1412;0;1566;69;"2021";"Junio"
"439";2021-06-18;7;3;1419;0;1589;69;"2021";"Junio"
"440";2021-06-19;9;0;1428;0;1607;69;"2021";"Junio"
"441";2021-06-20;9;5;1437;0;1607;69;"2021";"Junio"
"442";2021-06-21;6;0;1443;0;1607;69;"2021";"Junio"
"443";2021-06-22;8;2;1451;0;1609;69;"2021";"Junio"
"444";2021-06-23;9;11;1460;0;1620;69;"2021";"Junio"
"445";2021-06-24;5;11;1465;0;1631;69;"2021";"Junio"
"446";2021-06-25;5;0;1470;0;1631;69;"2021";"Junio"
"447";2021-06-26;7;4;1477;0;1644;69;"2021";"Junio"
"448";2021-06-27;6;11;1483;0;1655;69;"2021";"Junio"
"449";2021-06-28;9;0;1492;0;1655;69;"2021";"Junio"
"450";2021-06-29;7;4;1499;0;1661;69;"2021";"Junio"
"451";2021-06-30;9;9;1508;0;1670;69;"2021";"Junio"
"452";2021-07-01;10;13;1518;0;1683;69;"2021";"Julio"
"453";2021-07-02;6;11;1524;0;1694;69;"2021";"Julio"
"454";2021-07-03;9;7;1533;0;1701;69;"2021";"Julio"
"455";2021-07-04;8;5;1541;0;1706;69;"2021";"Julio"
"456";2021-07-05;9;7;1550;0;1713;69;"2021";"Julio"
"457";2021-07-06;8;2;1558;0;1515;69;"2021";"Julio"
"458";2021-07-07;8;5;1566;1;1720;70;"2021";"Julio"
"459";2021-07-08;9;5;1575;0;1725;70;"2021";"Julio"
"460";2021-07-09;5;17;1580;0;1742;70;"2021";"Julio"
"461";2021-07-10;8;5;1588;0;1747;70;"2021";"Julio"
"462";2021-07-11;8;5;1596;0;1752;70;"2021";"Julio"
"463";2021-07-12;0;0;1596;0;1752;70;"2021";"Julio"
"464";2021-07-13;15;5;1611;2;1759;73;"2021";"Julio"
"465";2021-07-14;8;12;1619;1;1771;74;"2021";"Julio"
"466";2021-07-15;7;25;1626;0;1796;74;"2021";"Julio"
"467";2021-07-16;8;13;1634;0;1809;74;"2021";"Julio"
"468";2021-07-17;10;18;1644;1;1827;75;"2021";"Julio"
"469";2021-07-18;5;1;1649;1;1828;76;"2021";"Julio"
"470";2021-07-19;9;1;1658;0;1829;76;"2021";"Julio"
"471";2021-07-20;10;10;1668;1;1839;77;"2021";"Julio"
"472";2021-07-21;8;3;1676;0;1842;77;"2021";"Julio"
"473";2021-07-22;5;21;1681;0;1863;77;"2021";"Julio"
"474";2021-07-23;8;22;1689;1;1885;78;"2021";"Julio"
"475";2021-07-24;10;2;1699;0;1887;78;"2021";"Julio"
"476";2021-07-25;10;7;1709;0;1894;78;"2021";"Julio"
"477";2021-07-26;13;4;1722;1;1898;79;"2021";"Julio"
"478";2021-07-27;14;10;1736;0;1908;79;"2021";"Julio"
"479";2021-07-28;9;12;1745;0;1920;79;"2021";"Julio"
"480";2021-07-29;8;17;1753;0;1937;79;"2021";"Julio"
"481";2021-07-30;10;15;1763;0;1952;79;"2021";"Julio"
"482";2021-07-31;8;14;1771;0;1966;79;"2021";"Julio"
"483";2021-08-01;15;3;1786;0;1969;79;"2021";"Agosto"
"484";2021-08-02;9;1;1795;0;1970;79;"2021";"Agosto"
"485";2021-08-03;12;6;1807;0;1976;79;"2021";"Agosto"
"486";2021-08-04;6;13;1813;0;1989;79;"2021";"Agosto"
"487";2021-08-05;0;0;1813;0;1989;79;"2021";"Agosto"
"488";2021-08-06;0;0;1813;0;1989;79;"2021";"Agosto"
"489";2021-08-07;0;0;1813;0;1989;79;"2021";"Agosto"
"490";2021-08-08;33;0;1846;0;1989;79;"2021";"Agosto"
"491";2021-08-09;7;2;1853;0;2020;79;"2021";"Agosto"
"492";2021-08-10;5;4;1858;0;2024;79;"2021";"Agosto"
"493";2021-08-11;7;0;1865;0;2024;79;"2021";"Agosto"
"494";2021-08-12;4;10;1869;0;2042;79;"2021";"Agosto"
"495";2021-08-13;10;13;1879;0;2055;79;"2021";"Agosto"
"496";2021-08-14;8;0;1887;0;2055;79;"2021";"Agosto"
"497";2021-08-15;7;4;1894;1;2071;80;"2021";"Agosto"
"498";2021-08-16;0;0;1894;1;2071;80;"2021";"Agosto"
"499";2021-08-17;13;0;1907;1;2071;80;"2021";"Agosto"
"500";2021-08-18;5;12;1912;0;2088;80;"2021";"Agosto"
"501";2021-08-19;8;12;1920;0;2100;80;"2021";"Agosto"
"502";2021-08-20;0;0;1920;0;2100;80;"2021";"Agosto"
"503";2021-08-21;0;0;1920;0;2100;80;"2021";"Agosto"
"504";2021-08-22;20;0;1940;0;2100;80;"2021";"Agosto"
"505";2021-08-23;7;1;1947;0;2131;80;"2021";"Agosto"
"506";2021-08-24;4;15;1951;0;2146;80;"2021";"Agosto"
"507";2021-08-25;6;10;1957;0;2156;80;"2021";"Agosto"
"508";2021-08-26;8;0;1965;0;2156;80;"2021";"Agosto"
"509";2021-08-27;2;7;1967;0;2172;80;"2021";"Agosto"
"510";2021-08-28;0;0;1967;0;2172;80;"2021";"Agosto"
"511";2021-08-29;0;0;1967;0;2172;80;"2021";"Agosto"
"512";2021-08-30;0;0;1967;0;2172;80;"2021";"Agosto"
"513";2021-08-31;41;0;2008;0;2172;80;"2021";"Agosto"
"514";2021-09-01;13;2;2021;0;2190;80;"2021";"Septiembre"
"515";2021-09-02;8;6;2029;1;2196;81;"2021";"Septiembre"
"516";2021-09-03;0;0;2029;0;2196;81;"2021";"Septiembre"
"517";2021-09-04;0;0;2029;0;2196;81;"2021";"Septiembre"
"518";2021-09-05;0;0;2029;0;2196;81;"2021";"Septiembre"
"519";2021-09-06;37;0;2066;0;2196;81;"2021";"Septiembre"
"520";2021-09-07;3;5;2069;0;2220;81;"2021";"Septiembre"
"521";2021-09-08;0;0;2069;0;2220;81;"2021";"Septiembre"
"522";2021-09-09;0;0;2069;0;2220;81;"2021";"Septiembre"
"523";2021-09-10;0;0;2069;0;2220;81;"2021";"Septiembre"
"524";2021-09-11;0;0;2069;0;2220;81;"2021";"Septiembre"
"525";2021-09-12;0;0;2069;0;2220;81;"2021";"Septiembre"
"526";2021-09-13;0;0;2069;0;2220;81;"2021";"Septiembre"
"527";2021-09-14;0;0;2069;0;2220;81;"2021";"Septiembre"
"528";2021-09-15;34;0;2103;0;2220;81;"2021";"Septiembre"
"529";2021-09-16;4;2;2107;1;2248;82;"2021";"Septiembre"
"530";2021-09-17;0;0;2107;0;2248;82;"2021";"Septiembre"
"531";2021-09-18;0;0;2107;0;2248;82;"2021";"Septiembre"
"532";2021-09-19;12;0;2119;0;2248;82;"2021";"Septiembre"
"533";2021-09-20;2;0;2121;1;2256;83;"2021";"Septiembre"
"534";2021-09-21;0;0;2121;1;2256;83;"2021";"Septiembre"
"535";2021-09-22;4;0;2125;1;2256;83;"2021";"Septiembre"
"536";2021-09-23;2;3;2127;0;2262;84;"2021";"Septiembre"
"537";2021-09-24;0;0;2127;0;2262;84;"2021";"Septiembre"
"538";2021-09-25;0;0;2127;0;2262;84;"2021";"Septiembre"
"539";2021-09-26;7;0;2134;0;2262;84;"2021";"Septiembre"
"540";2021-09-27;2;1;2136;0;2266;84;"2021";"Septiembre"
"541";2021-09-28;2;1;2138;0;2267;84;"2021";"Septiembre"
"542";2021-09-29;0;0;2138;0;2267;84;"2021";"Septiembre"
"543";2021-09-30;0;0;2138;0;2267;84;"2021";"Septiembre"
"544";2021-10-01;3;2;2141;0;2270;84;"2021";"Octubre"
"545";2021-10-02;0;0;2141;0;2270;84;"2021";"Octubre"
"546";2021-10-03;6;0;2147;0;2270;84;"2021";"Octubre"
"547";2021-10-04;2;0;2149;0;2280;84;"2021";"Octubre"
"548";2021-10-05;3;0;2152;0;2280;84;"2021";"Octubre"
"549";2021-10-06;2;0;2154;0;2280;84;"2021";"Octubre"
"550";2021-10-07;0;0;2154;0;2280;84;"2021";"Octubre"
"551";2021-10-08;0;0;2154;0;2280;84;"2021";"Octubre"
"552";2021-10-09;0;0;2154;0;2280;84;"2021";"Octubre"
"553";2021-10-10;10;0;2164;0;2280;84;"2021";"Octubre"
"554";2021-10-11;2;0;2166;0;2285;84;"2021";"Octubre"
"555";2021-10-12;2;0;2168;0;2285;84;"2021";"Octubre"
"556";2021-10-13;1;0;2169;0;2286;84;"2021";"Octubre"
"557";2021-10-14;0;1;2169;0;2286;84;"2021";"Octubre"
"558";2021-10-15;3;7;2172;0;2293;84;"2021";"Octubre"
"559";2021-10-16;3;3;2175;0;2296;84;"2021";"Octubre"
"560";2021-10-17;2;3;2177;0;2299;84;"2021";"Octubre"
"561";2021-10-18;3;2;2180;0;2301;84;"2021";"Octubre"
"562";2021-10-19;4;2;2184;0;2303;84;"2021";"Octubre"
"563";2021-10-20;3;2;2187;0;2305;84;"2021";"Octubre"
"564";2021-10-21;3;4;2190;0;2309;84;"2021";"Octubre"
"565";2021-10-22;3;5;2193;0;2314;84;"2021";"Octubre"
"566";2021-10-23;4;2;2197;0;2316;84;"2021";"Octubre"
"567";2021-10-24;2;3;2199;1;2319;85;"2021";"Octubre"
"568";2021-10-25;3;0;2202;0;2319;85;"2021";"Octubre"
"569";2021-10-26;3;1;2205;0;2320;85;"2021";"Octubre"
"570";2021-10-27;1;5;2206;0;2325;85;"2021";"Octubre"
"571";2021-10-28;3;12;2209;0;2337;85;"2021";"Octubre"
"572";2021-10-29;4;11;2213;0;2348;85;"2021";"Octubre"
"573";2021-10-30;5;7;2218;0;2355;85;"2021";"Octubre"
"574";2021-10-31;2;3;2220;0;2358;85;"2021";"Octubre"
"575";2021-11-01;5;1;2225;0;2359;85;"2021";"Noviembre"
"576";2021-11-02;4;4;2229;0;2363;85;"2021";"Noviembre"
"577";2021-11-03;0;0;2229;0;2363;85;"2021";"Noviembre"
"578";2021-11-04;14;10;2243;0;2383;85;"2021";"Noviembre"
